Missing_Codon,Count_In_Corrupted_Genomes,Percentage_Of_Corrupted_Genomes
TAT,158,64.49
CAT,157,64.08
GAT,146,59.59
AAT,144,58.78
GGT,144,58.78
AGT,138,56.33
TGT,131,53.47
TTT,128,52.24
CGC,34,13.88
CTC,34,13.88
GCC,32,13.06
CCC,29,11.84
TCC,29,11.84
ATC,27,11.02
ACC,26,10.61
GTC,22,8.98
ATA,9,3.67
TCA,9,3.67
CAA,7,2.86
ACT,7,2.86
CTA,5,2.04
CTT,5,2.04
TTA,5,2.04
CGA,4,1.63
GTA,4,1.63
GCT,4,1.63
TCT,4,1.63
TGC,3,1.22
CCA,3,1.22
CGG,3,1.22
ATT,3,1.22
CAC,3,1.22
TCG,3,1.22
TAC,2,0.82
GCA,2,0.82
GTT,2,0.82
GGA,2,0.82
CGT,2,0.82
AGC,2,0.82
CCG,1,0.41
CTG,1,0.41
GAC,1,0.41
GGC,1,0.41
TTC,1,0.41
GAA,1,0.41
CCT,1,0.41
